target,hook,layer,cv_group_number_r2,cv_group_number_spearman,holdout_concept_r2,holdout_concept_spearman,n_samples
delta_vs_remove_injection_span,injection_end,1,-0.27722981893321075,-0.0850512128919504,-0.633738478225137,-0.29501438648313544,100
delta_vs_remove_injection_span,injection_end,2,-0.2759015927718389,-0.11905105838328436,-0.6346044010149361,-0.2863674958533617,100
delta_vs_remove_injection_span,injection_end,3,-0.2688534574974155,-0.1351582656882744,-0.6292664698753041,-0.31365830680701273,100
delta_vs_remove_injection_span,injection_end,4,-0.3814075837548374,-0.1699643556331022,-0.7055855262068766,-0.34069709180198887,100
delta_vs_remove_injection_span,injection_end,5,-0.36984856025965773,-0.08465999780049714,-0.6255393806275262,-0.2673755396817905,100
delta_vs_remove_injection_span,injection_end,6,-0.31373389345655234,0.007959805337969805,-0.5438039656333682,-0.16966147513270222,100
delta_vs_remove_injection_span,injection_end,7,-0.2833635270441528,0.036300443559967824,-0.46591298401864223,-0.08240048725055764,100
delta_vs_remove_injection_span,injection_end,8,-0.18466000308824304,0.14092590997408147,-0.37761339421045714,0.043420472308843217,100
delta_vs_remove_injection_span,injection_end,9,-0.11605854325944165,0.21834697200918718,-0.26721880792180963,0.15375383664586648,100
delta_vs_remove_injection_span,injection_end,10,-0.1566165724747033,0.19157361003296924,-0.3152734312270613,0.11430577349518442,100
delta_vs_remove_injection_span,injection_end,11,-0.12961169532466332,0.2150892827441123,-0.3212560105822273,0.1401324336412957,100
delta_vs_remove_injection_span,injection_end,12,-0.13699509765165274,0.21083849022889514,-0.32621144162035787,0.1276391468326982,100
delta_vs_remove_injection_span,injection_end,13,-0.08183222728289263,0.23871442051581718,-0.3436706657516915,0.1304954410310135,100
delta_vs_remove_injection_span,injection_end,14,-0.06809192185113333,0.24808804878498267,-0.3251846494558379,0.13570397751029428,100
delta_vs_remove_injection_span,injection_end,15,-0.17767421122870752,0.2263249536384234,-0.3497536546584572,0.1373901511861905,100
delta_vs_remove_injection_span,injection_end,16,-0.16461281609923084,0.2520898122935641,-0.33538709262451616,0.14868331438205049,100
delta_vs_remove_injection_span,injection_end,17,-0.1309965118979457,0.26055560132950756,-0.3061568641517791,0.14991944170317012,100
delta_vs_remove_injection_span,injection_end,18,-0.14466304607905678,0.2806357434004504,-0.3344735392761926,0.15125757953137245,100
delta_vs_remove_injection_span,injection_end,19,-0.12353530249017952,0.2864646874814326,-0.31859049210853985,0.13010540085687378,100
delta_vs_remove_injection_span,injection_end,20,-0.09244655907752475,0.3019779914909796,-0.2949917741162349,0.17163567847565542,100
delta_vs_remove_injection_span,injection_end,21,-0.11552660020962757,0.3145538187694318,-0.28979618085806025,0.18238878604578354,100
delta_vs_remove_injection_span,injection_end,22,-0.07557268328251232,0.3089044589028507,-0.30638638401431595,0.16732723470592775,100
delta_vs_remove_injection_span,injection_end,23,-0.07753039902905656,0.3208622832316265,-0.2971067504217053,0.17606413460665685,100
delta_vs_remove_injection_span,injection_end,24,-0.04548975486704965,0.32735537562491396,-0.2781115577883442,0.18213075946904497,100
delta_vs_remove_injection_span,injection_end,25,-0.025930368793549263,0.3190140849452307,-0.2822703510031803,0.18247879531673886,100
delta_vs_remove_injection_span,injection_end,26,-0.03959825613818291,0.2968634850055345,-0.28822837493616493,0.177156247094248,100
delta_vs_remove_injection_span,injection_end,27,-0.04843818819112955,0.2921743101055121,-0.2897233556464196,0.17322584226253263,100
delta_vs_remove_injection_span,injection_end,28,-0.06339144874354274,0.29421883793237513,-0.2981182541356211,0.16154263889253292,100
delta_vs_remove_injection_span,injection_end,29,-0.05443791907447726,0.2896643035423631,-0.29394535407710554,0.16658915868409419,100
delta_vs_remove_injection_span,injection_end,30,-0.05380518001229273,0.27765307020599167,-0.3159983438512821,0.139166334133042,100
delta_vs_remove_injection_span,injection_end,31,-0.02803417995828661,0.28980315518088035,-0.3261828926166952,0.14194462029652935,100
delta_vs_remove_injection_span,injection_end,32,-0.02047944622187381,0.2956021898098124,-0.29057021246442005,0.1533937995620452,100
delta_vs_remove_injection_span,after_injection,1,-0.34427237447550607,0.06818741686405004,-0.737235706946878,-0.08765102805628426,100
delta_vs_remove_injection_span,after_injection,2,-0.30173518541859434,0.15635215485306064,-0.5123546315420486,0.00532254822249087,100
delta_vs_remove_injection_span,after_injection,3,-0.19883560650220256,0.19857910631688097,-0.4060882494688043,0.010657097681109116,100
delta_vs_remove_injection_span,after_injection,4,-0.2034718302381444,0.23945350580030425,-0.3545686405680708,0.06694289511849848,100
delta_vs_remove_injection_span,after_injection,5,-0.11642715441109841,0.2663785423784805,-0.32819391679110566,0.10603092118535927,100
delta_vs_remove_injection_span,after_injection,6,-0.2151007659705837,0.2364654338763854,-0.3875086512193153,0.05562572945038373,100
delta_vs_remove_injection_span,after_injection,7,-0.20353772183187857,0.20444526113904338,-0.518158603515489,-0.024068479053450824,100
delta_vs_remove_injection_span,after_injection,8,-0.2136305682410129,0.21088461481468232,-0.5763207387983489,-0.03615372383371758,100
delta_vs_remove_injection_span,after_injection,9,0.0015142465134531102,0.27116733345060906,-0.44351362157193686,0.017947848628489506,100
delta_vs_remove_injection_span,after_injection,10,-0.021030238136856116,0.22895357839544503,-0.45848472617083624,-0.008748901136856469,100
delta_vs_remove_injection_span,after_injection,11,-0.08888891731410786,0.19606031880547112,-0.5444614886011396,-0.006894710155177012,100
delta_vs_remove_injection_span,after_injection,12,-0.04602511929677,0.21687218860442492,-0.4727206761928546,-0.0014161458630302653,100
delta_vs_remove_injection_span,after_injection,13,-0.04524863032622228,0.2662200654085264,-0.38765169854443693,0.04556269295757968,100
delta_vs_remove_injection_span,after_injection,14,-0.012531282734160154,0.3065420681899161,-0.2797394684488528,0.07877011332202666,100
delta_vs_remove_injection_span,after_injection,15,-0.024106424572001295,0.24427317808252358,-0.23730000601516288,0.07988622828187256,100
delta_vs_remove_injection_span,after_injection,16,-0.038363741522067896,0.2596679323019626,-0.2562205740032686,0.07230144704937147,100
delta_vs_remove_injection_span,after_injection,17,-0.03495218943462697,0.27856651814211125,-0.24242918049681283,0.09871616776572413,100
delta_vs_remove_injection_span,after_injection,18,-0.09076532606012377,0.2641642167779699,-0.2985815602343911,0.06202238830627467,100
delta_vs_remove_injection_span,after_injection,19,-0.16743534796147652,0.23375065963945066,-0.32997481876817236,0.05976015529626446,100
delta_vs_remove_injection_span,after_injection,20,-0.19279137459153062,0.23472314498477517,-0.3300262753659202,0.057797953189438624,100
delta_vs_remove_injection_span,after_injection,21,-0.21304218729238844,0.24445400143397905,-0.33921000968488024,0.06019820041491365,100
delta_vs_remove_injection_span,after_injection,22,-0.2363472874068424,0.2402137224431575,-0.35908608178306034,0.05041119235303923,100
delta_vs_remove_injection_span,after_injection,23,-0.2562029857385877,0.2199738423939759,-0.40033613934660517,0.03443154644943925,100
delta_vs_remove_injection_span,after_injection,24,-0.25518841014932625,0.2198517435715264,-0.4077417263378842,0.030585150270615518,100
delta_vs_remove_injection_span,after_injection,25,-0.26696368004237714,0.19485490848999265,-0.43077951887985333,0.019405998817965585,100
delta_vs_remove_injection_span,after_injection,26,-0.2564472904900539,0.18259148329551983,-0.4422915218465744,0.0040864209013712315,100
delta_vs_remove_injection_span,after_injection,27,-0.23239635926807645,0.1853201576219227,-0.46155718231000886,-0.0024722546422392766,100
delta_vs_remove_injection_span,after_injection,28,-0.23889677914070928,0.18323980101902695,-0.47745437529502777,-0.013663407331016585,100
delta_vs_remove_injection_span,after_injection,29,-0.23236237973071994,0.15436057458994423,-0.4949622015511581,-0.010873119931401868,100
delta_vs_remove_injection_span,after_injection,30,-0.21670431951407343,0.14456414867965922,-0.5106875306191454,-0.031377231855022274,100
delta_vs_remove_injection_span,after_injection,31,-0.23073016505689448,0.1600938992250574,-0.46302732218988796,-0.013087347996902579,100
delta_vs_remove_injection_span,after_injection,32,-0.26952309322472945,0.1346952233234031,-0.5223803763235308,-0.04913906132353747,100
delta_vs_remove_injection_span,cot_end,1,-3.800646761578891,0.1473375328126217,-3.101763152158929,-0.10160846567242153,100
delta_vs_remove_injection_span,cot_end,2,-1.0607151260441743,0.20717477445158886,-0.8300264405029347,-0.08882714919676703,100
delta_vs_remove_injection_span,cot_end,3,-1.3450829251699985,0.03140129471075637,-0.8554314215481058,-0.0557337405755301,100
delta_vs_remove_injection_span,cot_end,4,-1.1459069856138577,0.1715486457283508,-1.1122999069254749,-0.08490874560117904,100
delta_vs_remove_injection_span,cot_end,5,-0.28605215537305795,0.2843198975963251,-0.6011478934157597,0.09324960470970475,100
delta_vs_remove_injection_span,cot_end,6,-0.3682007445146174,0.12210804075629328,-0.4691266736695143,0.015541600784950793,100
delta_vs_remove_injection_span,cot_end,7,-0.5984890223564814,0.2071753965298729,-0.7564432349568802,0.02762084494715386,100
delta_vs_remove_injection_span,cot_end,8,-0.3824512520661638,0.19140808075169932,-0.42277781020716976,0.09745603797234974,100
delta_vs_remove_injection_span,cot_end,9,-0.14238861863271568,0.35474423875189987,-0.452417289179295,0.12564694163555393,100
delta_vs_remove_injection_span,cot_end,10,-0.3857881167176136,0.2831938853880407,-0.5806297398063254,0.06516671217164695,100
delta_vs_remove_injection_span,cot_end,11,-0.3338818437002473,0.23662396319633103,-0.6915764694218081,0.0036663776369131023,100
delta_vs_remove_injection_span,cot_end,12,-0.14513515014896639,0.24659929237637143,-0.3934508917480368,0.06989519920583276,100
delta_vs_remove_injection_span,cot_end,13,-0.28663363644025597,0.21976367905546237,-0.48907206778922196,0.021098173111925477,100
delta_vs_remove_injection_span,cot_end,14,-0.33096636616636266,0.162328475988935,-0.5102303331805085,-0.052259382716655,100
delta_vs_remove_injection_span,cot_end,15,-0.23782535570017904,0.15711135374610338,-0.41853604942420786,-0.005952613119178065,100
delta_vs_remove_injection_span,cot_end,16,-0.20672652383208723,0.217373833961129,-0.40414646948266464,0.05820599521776938,100
delta_vs_remove_injection_span,cot_end,17,-0.37381699796069023,0.09569976157508212,-0.5153595063873071,-0.038451960552109914,100
delta_vs_remove_injection_span,cot_end,18,-0.4675041202534984,0.11263421317483789,-0.585368532008997,-0.031239217639557462,100
delta_vs_remove_injection_span,cot_end,19,-0.3282380698462455,0.15745811120378927,-0.4965912979839755,0.007752798538284334,100
delta_vs_remove_injection_span,cot_end,20,-0.2860712925817803,0.19339367921001327,-0.4753867843675901,0.04620475909039425,100
delta_vs_remove_injection_span,cot_end,21,-0.29281454031067544,0.16361263741212165,-0.49381883186092335,-0.001542158842367704,100
delta_vs_remove_injection_span,cot_end,22,-0.23070816160373675,0.16982475567426125,-0.5167865616288434,0.010537085319835365,100
delta_vs_remove_injection_span,cot_end,23,-0.16877421375904444,0.1488318319129069,-0.4820713231733247,0.0031383232473085965,100
delta_vs_remove_injection_span,cot_end,24,-0.11461310644487255,0.18082387314591544,-0.4328129847918236,0.031131206514411088,100
delta_vs_remove_injection_span,cot_end,25,-0.1752703175056607,0.15640346560466373,-0.4582986124700974,0.018049859135572194,100
delta_vs_remove_injection_span,cot_end,26,-0.16006910665015073,0.1793051014871306,-0.45096714403839955,0.02639071824409791,100
delta_vs_remove_injection_span,cot_end,27,-0.12548583298818072,0.2335444540096722,-0.4469328266833723,0.04459659344932598,100
delta_vs_remove_injection_span,cot_end,28,-0.0815316828387409,0.232459317508789,-0.4437477884499834,0.04413454585842204,100
delta_vs_remove_injection_span,cot_end,29,-0.006248511565343229,0.27101044179970535,-0.3947457738628317,0.04199232520968558,100
delta_vs_remove_injection_span,cot_end,30,-0.014503062574502845,0.26837513448676353,-0.38049792749723843,0.06388257990601781,100
delta_vs_remove_injection_span,cot_end,31,-0.07919106897993222,0.2387826042319561,-0.37214859706655745,0.0776900020705629,100
delta_vs_remove_injection_span,cot_end,32,-0.06905264730199923,0.22207616615021203,-0.3402270757313981,0.07688591925002877,100
delta_vs_remove_injection_span,probe_prefix,1,-0.44389949056084954,0.14654645744764916,-0.7238262149329615,-0.05123927764582812,100
delta_vs_remove_injection_span,probe_prefix,2,-0.8232244211311148,-0.04802982644839947,-0.9543568831940501,-0.17163567847565542,100
delta_vs_remove_injection_span,probe_prefix,3,-0.5292628977924154,0.14382578017672767,-0.44808116263928754,0.01619566815389274,100
delta_vs_remove_injection_span,probe_prefix,4,-0.38183263680833246,0.07387153740608456,-0.4482706895353066,0.07070528264443057,100
delta_vs_remove_injection_span,probe_prefix,5,-0.25757009627474803,0.17571969770579624,-0.41021205418641205,0.029265014296604254,100
delta_vs_remove_injection_span,probe_prefix,6,-0.3382681618231069,0.08322528607431698,-0.4277660795956273,0.05495366022725072,100
delta_vs_remove_injection_span,probe_prefix,7,-0.22511634333259312,0.1766065502368476,-0.4471079271456082,0.08809507379299714,100
delta_vs_remove_injection_span,probe_prefix,8,0.001995938810299025,0.30518956539909353,-0.2810871234813148,0.15781025445691926,100
delta_vs_remove_injection_span,probe_prefix,9,-0.10701205895880905,0.3024609513837983,-0.28755413583110845,0.18661922178068327,100
delta_vs_remove_injection_span,probe_prefix,10,-0.0597085086546163,0.3487080322503415,-0.328986821820888,0.1707235845299749,100
delta_vs_remove_injection_span,probe_prefix,11,-0.0316919576471808,0.37891738345589915,-0.23025877739523737,0.19228380523280433,100
delta_vs_remove_injection_span,probe_prefix,12,-0.04169136158437059,0.3189470936834869,-0.21169110399019986,0.19121569521746795,100
delta_vs_remove_injection_span,probe_prefix,13,0.10524290245459811,0.38867948059818697,-0.2207691883601992,0.21233787080164818,100
delta_vs_remove_injection_span,probe_prefix,14,0.039771895902901755,0.33811874737903025,-0.28823137328312387,0.1644469380353577,100
delta_vs_remove_injection_span,probe_prefix,15,-0.03883060945162797,0.2784961552831642,-0.3748839498656158,0.16883939045797702,100
delta_vs_remove_injection_span,probe_prefix,16,-0.06265168071849869,0.22209817759503606,-0.42662580028443275,0.157642237151136,100
delta_vs_remove_injection_span,probe_prefix,17,-0.13211807676927378,0.1557011087506012,-0.5176483625609338,0.09339361954323326,100
delta_vs_remove_injection_span,probe_prefix,18,-0.17881002484266806,0.1927093335609587,-0.521642726391639,0.1061089292201872,100
delta_vs_remove_injection_span,probe_prefix,19,-0.08222128859230016,0.2357888462901547,-0.5142368573305607,0.0909573686093761,100
delta_vs_remove_injection_span,probe_prefix,20,-0.17505594058798302,0.19076920857449095,-0.5415062415848995,0.07663989390941758,100
delta_vs_remove_injection_span,probe_prefix,21,-0.11727469818086989,0.21870114877075597,-0.5031293555275678,0.07893213000974623,100
delta_vs_remove_injection_span,probe_prefix,22,-0.21069871065046053,0.19670617157773748,-0.4596935921833334,0.08732099406278145,100
delta_vs_remove_injection_span,probe_prefix,23,-0.3582274724857104,0.17624796135017004,-0.6504463578443298,0.037017812834888586,100
delta_vs_remove_injection_span,probe_prefix,24,-0.517598328284901,0.1622969987419345,-0.6757324953687298,0.03279937833611623,100
delta_vs_remove_injection_span,probe_prefix,25,-0.5173769780480952,0.18097832216569915,-0.6568915421628891,0.034905595276470566,100
delta_vs_remove_injection_span,probe_prefix,26,-0.4644086413261903,0.19574510446561802,-0.6926591617547504,0.046090747347184186,100
delta_vs_remove_injection_span,probe_prefix,27,-0.544729072689091,0.20141852340539018,-0.6886428410713579,0.03681379182072321,100
delta_vs_remove_injection_span,probe_prefix,28,-0.4672830442149558,0.20750369211546946,-0.6613430416606867,0.06766296928614098,100
delta_vs_remove_injection_span,probe_prefix,29,-0.51211003742086,0.2077251772454623,-0.791817180568652,0.06445863924013182,100
delta_vs_remove_injection_span,probe_prefix,30,-0.56613447359558,0.20868214851553002,-0.8831498716043942,0.07079529191538589,100
delta_vs_remove_injection_span,probe_prefix,31,-0.45139357942126956,0.2233054466711504,-0.74335080459879,0.07955019367030605,100
delta_vs_remove_injection_span,probe_prefix,32,-0.3260494104595495,0.2505222781116179,-0.6179170947276784,0.08664892483964844,100
delta_vs_remove_injection_span,random_mid,1,-0.5438919413985817,-0.013969265215673127,-0.4938199283623175,-0.009871075947322684,100
delta_vs_remove_injection_span,random_mid,2,-0.16546812233434882,0.09939190253210582,-0.5465203836219836,-0.04409880677013642,100
delta_vs_remove_injection_span,random_mid,3,-0.1477705885189171,0.1188165854785505,-0.4555980092968328,-0.007278815227436506,100
delta_vs_remove_injection_span,random_mid,4,-0.2015990624815378,0.04152359583017233,-0.5407749006971061,-0.07867457552908674,100
delta_vs_remove_injection_span,random_mid,5,-0.24556254953459344,0.03378496270161814,-0.5190147886935403,-0.06636723402880783,100
delta_vs_remove_injection_span,random_mid,6,-0.30040855165034475,0.01898719115766012,-0.5286069402449105,-0.07261991557112409,100
delta_vs_remove_injection_span,random_mid,7,-0.2637530906349479,0.030939255370911398,-0.49734719915731507,-0.0512275838068655,100
delta_vs_remove_injection_span,random_mid,8,-0.23601219063340317,0.027680146826306998,-0.45769758484031464,-0.0429406805343715,100
delta_vs_remove_injection_span,random_mid,9,-0.20227570894373614,0.07552924157485588,-0.44441301988969717,0.0005640614827041534,100
delta_vs_remove_injection_span,random_mid,10,-0.24315636798670637,0.051769992597504415,-0.5157547377260701,-0.046985121378441706,100
delta_vs_remove_injection_span,random_mid,11,-0.18673812537740742,0.06247280377281236,-0.4416228354826346,-0.0022562527003430555,100
delta_vs_remove_injection_span,random_mid,12,-0.3091546580343498,0.003973959459748417,-0.5113614203915198,-0.05034563871244212,100
delta_vs_remove_injection_span,random_mid,13,-0.18207373025301488,0.06394525701648052,-0.4567935804951171,0.00969105632518306,100
delta_vs_remove_injection_span,random_mid,14,-0.13223622573517324,0.1279674018426342,-0.43794151238365076,0.014707647256757524,100
delta_vs_remove_injection_span,random_mid,15,-0.1116541146717771,0.11935299917602163,-0.46748513028915073,-0.04396679238056736,100
delta_vs_remove_injection_span,random_mid,16,-0.12477234284229,0.11223234944375493,-0.5100310780535089,-0.07737266573995574,100
delta_vs_remove_injection_span,random_mid,17,-0.1867525968522541,0.059075128464326554,-0.5706211801900252,-0.11615466085855634,100
delta_vs_remove_injection_span,random_mid,18,-0.23624485859081323,0.010571307625719535,-0.603826694807823,-0.13863311100972397,100
delta_vs_remove_injection_span,random_mid,19,-0.24380244579662036,0.004652335837554026,-0.5712996452183898,-0.13077264653876652,100
delta_vs_remove_injection_span,random_mid,20,-0.24921638912535848,-0.032158435599333464,-0.5658650021887586,-0.1264161586120403,100
delta_vs_remove_injection_span,random_mid,21,-0.2563114932571213,-0.008980508919975256,-0.5709602483474923,-0.13538675715713944,100
delta_vs_remove_injection_span,random_mid,22,-0.2606383523534386,-0.00889662700886445,-0.5882086078951754,-0.13091666266857566,100
delta_vs_remove_injection_span,random_mid,23,-0.24071925324633003,0.016598483186887628,-0.565855407454606,-0.11718112428802976,100
delta_vs_remove_injection_span,random_mid,24,-0.20939192924907624,-0.0007503767479925848,-0.53901974885156,-0.10570152146631555,100
delta_vs_remove_injection_span,random_mid,25,-0.22033839765239183,0.004034025397208136,-0.5222964832402703,-0.10517377946519345,100
delta_vs_remove_injection_span,random_mid,26,-0.2259342202355863,-0.005444733683434196,-0.5120477947096753,-0.104267677981811,100
delta_vs_remove_injection_span,random_mid,27,-0.23574296213862955,0.006669408615056837,-0.5221457679762251,-0.0878918438880977,100
delta_vs_remove_injection_span,random_mid,28,-0.2167337083147971,0.0456713418031975,-0.5184917315709854,-0.07430609936516522,100
delta_vs_remove_injection_span,random_mid,29,-0.25001742939501703,0.01784079684950498,-0.5242824947878875,-0.07416808432152484,100
delta_vs_remove_injection_span,random_mid,30,-0.24896996542630112,0.02092688377388763,-0.5486798789797638,-0.09048986339551737,100
delta_vs_remove_injection_span,random_mid,31,-0.265605049644841,-0.021737109446553382,-0.5896059555264175,-0.13373657728752622,100
delta_vs_remove_injection_span,random_mid,32,-0.26928725188541947,0.010283162954490383,-0.643879038122491,-0.1814663242315807,100
delta_vs_replace_with_control_number,injection_end,1,-0.05531332630382946,-0.09080459333969891,-0.28625309568499757,0.06396058794084575,100
delta_vs_replace_with_control_number,injection_end,2,-0.04686701746842359,-0.06184267867409215,-0.27476149451529874,0.06515471093551958,100
delta_vs_replace_with_control_number,injection_end,3,-0.014322153474191746,-0.07365521229026359,-0.2502292697800297,0.08880914734257596,100
delta_vs_replace_with_control_number,injection_end,4,-0.03609018564411648,-0.07914783814564999,-0.26897068195047136,0.08361861271748622,100
delta_vs_replace_with_control_number,injection_end,5,-0.09622309166040632,-0.0988012338292949,-0.2805934609494021,0.08076231851917094,100
delta_vs_replace_with_control_number,injection_end,6,-0.10032639590309045,-0.07762450766207393,-0.25852446773586113,0.11338167831337653,100
delta_vs_replace_with_control_number,injection_end,7,-0.10803915384014973,-0.08343539030200027,-0.2833366815382372,0.0641766101911385,100
delta_vs_replace_with_control_number,injection_end,8,-0.1837307031334494,-0.10814965045548866,-0.2873061494159934,0.09653194279054185,100
delta_vs_replace_with_control_number,injection_end,9,-0.1626533362808078,-0.0715188348659819,-0.2640927639027346,0.10483679819068545,100
delta_vs_replace_with_control_number,injection_end,10,-0.22462954347322106,-0.11468089044747198,-0.2751485215745477,0.08199244522222689,100
delta_vs_replace_with_control_number,injection_end,11,-0.2862514025330867,-0.16802183883656482,-0.32041311056040267,0.05987416703947452,100
delta_vs_replace_with_control_number,injection_end,12,-0.30208888855182403,-0.10559333304271583,-0.3245587547443458,0.06225641241075849,100
delta_vs_replace_with_control_number,injection_end,13,-0.2634522758714888,-0.14870309037118254,-0.3286874440854193,0.05620178878449773,100
delta_vs_replace_with_control_number,injection_end,14,-0.2717637332882934,-0.1540918286454504,-0.34607601627851436,0.0346955736442415,100
delta_vs_replace_with_control_number,injection_end,15,-0.3313658985098342,-0.14835293004460695,-0.3835686535926408,0.03498960392936219,100
delta_vs_replace_with_control_number,injection_end,16,-0.32379711864774197,-0.15591394141129325,-0.339452991686207,0.039658084782911114,100
delta_vs_replace_with_control_number,injection_end,17,-0.22135969899097563,-0.13973732034318745,-0.2868530719854312,0.05297345626623382,100
delta_vs_replace_with_control_number,injection_end,18,-0.21393914598883823,-0.11629254887089224,-0.2624109207485621,0.09049532101847217,100
delta_vs_replace_with_control_number,injection_end,19,-0.18628742696706913,-0.100950261213151,-0.27016158911485544,0.09752204477105031,100
delta_vs_replace_with_control_number,injection_end,20,-0.19992383337653497,-0.0956694593311014,-0.26127736301170557,0.11111944530336633,100
delta_vs_replace_with_control_number,injection_end,21,-0.20504035671785692,-0.10567451973576204,-0.2570293855958965,0.11189352503358202,100
delta_vs_replace_with_control_number,injection_end,22,-0.1296739877180837,-0.08798564757582689,-0.2491138681292857,0.1298053699536894,100
delta_vs_replace_with_control_number,injection_end,23,-0.10210219406957366,-0.07161574178840356,-0.24171921996607826,0.12836522161840438,100
delta_vs_replace_with_control_number,injection_end,24,-0.10045838996151968,-0.056524719126948404,-0.24259396076412743,0.12591696944841987,100
delta_vs_replace_with_control_number,injection_end,25,-0.06883119447482522,-0.020542190489491685,-0.21676591062579642,0.14597103501726372,100
delta_vs_replace_with_control_number,injection_end,26,-0.049518548963501496,-0.015998080304652513,-0.19802845562246296,0.14777122043636998,100
delta_vs_replace_with_control_number,injection_end,27,-0.061711579649068815,0.005054416360912954,-0.19830829960170027,0.1657550727732416,100
delta_vs_replace_with_control_number,injection_end,28,-0.04856436321846336,0.003133582708828747,-0.1727999996199654,0.17976051533388837,100
delta_vs_replace_with_control_number,injection_end,29,-0.04427363067021095,0.017318435335601626,-0.1638955460865692,0.17935247330555762,100
delta_vs_replace_with_control_number,injection_end,30,-0.04530557461650209,0.030579169594819006,-0.16161982276161746,0.1662411228364003,100
delta_vs_replace_with_control_number,injection_end,31,-0.0019652442662512204,0.06957326083489446,-0.16143946233518225,0.1800425443828817,100
delta_vs_replace_with_control_number,injection_end,32,-0.07298560227202944,0.048041832404267085,-0.18743402168012402,0.16805330949163394,100
delta_vs_replace_with_control_number,after_injection,1,-0.22068669079298409,-0.030200437899944265,-0.36145436084978155,0.050753227582669425,100
delta_vs_replace_with_control_number,after_injection,2,-0.2882814000497964,-0.001944964850553859,-0.36360277162232957,0.07481570601805657,100
delta_vs_replace_with_control_number,after_injection,3,-0.10861508453989832,0.007179561608834616,-0.3399163372014542,0.06914512194787181,100
delta_vs_replace_with_control_number,after_injection,4,-0.10890703469918095,-0.025386441228811302,-0.37937555229436737,0.0529854575023612,100
delta_vs_replace_with_control_number,after_injection,5,-0.17880180067758022,-0.06344976212075212,-0.35687181699868864,0.04495062991508355,100
delta_vs_replace_with_control_number,after_injection,6,-0.1977595817375919,-0.08911340469913558,-0.4219076819532679,0.010117042055377234,100
delta_vs_replace_with_control_number,after_injection,7,-0.12651544086568056,-0.03823331086691627,-0.3185503993871719,0.040990221993049754,100
delta_vs_replace_with_control_number,after_injection,8,-0.14953728743816885,-0.048570094462442204,-0.3209756581995995,0.03612372074339914,100
delta_vs_replace_with_control_number,after_injection,9,-0.04562937606257611,-0.05859453979577382,-0.2316747361323741,0.05324948469716345,100
delta_vs_replace_with_control_number,after_injection,10,-0.16517330939341246,-0.10960639944644848,-0.30653832342852505,0.01367540856714396,100
delta_vs_replace_with_control_number,after_injection,11,-0.17005063819160338,-0.09642583455076123,-0.35045330958983323,-0.0139454363800099,100
delta_vs_replace_with_control_number,after_injection,12,-0.2251582616167107,-0.20232619083977796,-0.35884563144882087,-0.03389149082370737,100
delta_vs_replace_with_control_number,after_injection,13,-0.17057580168713748,-0.10635476005328001,-0.3668023142240593,-0.0017161767662146436,100
delta_vs_replace_with_control_number,after_injection,14,-0.27617522685032125,-0.157560161828664,-0.3166390882483514,0.05504967011626972,100
delta_vs_replace_with_control_number,after_injection,15,-0.15557457626131344,-0.10275112214934326,-0.2851750873486989,0.11362170303592405,100
delta_vs_replace_with_control_number,after_injection,16,-0.08845283654751568,-0.12045503185086961,-0.2854848175842093,0.139166334133042,100
delta_vs_replace_with_control_number,after_injection,17,-0.10020028643149659,-0.056205882394246245,-0.27979763821261794,0.1254669230936433,100
delta_vs_replace_with_control_number,after_injection,18,-0.13299717194013327,-0.018663426516759722,-0.2823827872840401,0.13773818703388435,100
delta_vs_replace_with_control_number,after_injection,19,-0.14583305059183127,-0.025818342955209756,-0.30323826908315965,0.12060042184399268,100
delta_vs_replace_with_control_number,after_injection,20,-0.19296200977821854,-0.07933921532166328,-0.31466514491444864,0.11704205533222595,100
delta_vs_replace_with_control_number,after_injection,21,-0.21756100638734255,-0.08903456468534553,-0.34384491187766986,0.08177042235387044,100
delta_vs_replace_with_control_number,after_injection,22,-0.19293421768957875,-0.04337634636561541,-0.3449442542977512,0.07784601814021878,100
delta_vs_replace_with_control_number,after_injection,23,-0.19246694660514718,-0.0189568920319144,-0.29941680213053723,0.11167150216522559,100
delta_vs_replace_with_control_number,after_injection,24,-0.19705724822794046,-0.061595077003809166,-0.30432899053303597,0.09404168629411151,100
delta_vs_replace_with_control_number,after_injection,25,-0.15381413013230483,-0.02679064698060621,-0.29717738493611745,0.10585090264344864,100
delta_vs_replace_with_control_number,after_injection,26,-0.14163554221662333,-0.007071508006026068,-0.29739095805488835,0.10237054416650986,100
delta_vs_replace_with_control_number,after_injection,27,-0.1594504821483298,-0.013458595704657116,-0.3102163516185912,0.08653491309643838,100
delta_vs_replace_with_control_number,after_injection,28,-0.16890190258990412,0.009316537830451898,-0.30236619440923995,0.09313559296649469,100
delta_vs_replace_with_control_number,after_injection,29,-0.1543799014853502,0.027151550721621905,-0.29296996044019874,0.0966099508253698,100
delta_vs_replace_with_control_number,after_injection,30,-0.15197360951981187,0.022102566556866383,-0.28231658351295685,0.10529884578158939,100
delta_vs_replace_with_control_number,after_injection,31,-0.1976940751461651,0.026424474122480064,-0.31113271977311774,0.09480376478819984,100
delta_vs_replace_with_control_number,after_injection,32,-0.20031357948492912,0.027067183683961087,-0.322894232989843,0.07669990009005445,100
delta_vs_replace_with_control_number,cot_end,1,-1.264079094915274,0.10976445151968307,-0.8793606862024428,0.06492068683103576,100
delta_vs_replace_with_control_number,cot_end,2,-1.1269897000746703,0.10822671426882556,-1.31929764472078,0.08457271098961254,100
delta_vs_replace_with_control_number,cot_end,3,-1.7241791124208032,-0.03986505825750941,-1.5439946059080012,-0.14229265614422323,100
delta_vs_replace_with_control_number,cot_end,4,-1.680258023075206,-0.0513125309419049,-1.064083548764994,0.014605504367015533,100
delta_vs_replace_with_control_number,cot_end,5,-0.7804614292323444,-0.19342195200523424,-0.7988716829745643,-0.07079529191538589,100
delta_vs_replace_with_control_number,cot_end,6,-0.7534572138247209,-0.020626046382366443,-0.5031398633295445,0.0931775972929405,100
delta_vs_replace_with_control_number,cot_end,7,-0.37519175054083664,0.1070662211150175,-0.6916718813208158,0.003282338080837098,100
delta_vs_replace_with_control_number,cot_end,8,-0.5754642527357605,0.03985377050255269,-0.6248810744312261,0.025514628006799527,100
delta_vs_replace_with_control_number,cot_end,9,-0.22364189965818637,-0.006501049420697687,-0.43585131866033433,0.07276349464027541,100
delta_vs_replace_with_control_number,cot_end,10,-0.2834017273225362,0.028579405625061578,-0.4935610974428204,0.0493190798654481,100
delta_vs_replace_with_control_number,cot_end,11,-0.23049661855437353,0.07172379571566184,-0.4079363334823929,0.08906117330125084,100
delta_vs_replace_with_control_number,cot_end,12,-0.3252039042522694,0.014262861439692581,-0.3419585810362107,0.09757605033362349,100
delta_vs_replace_with_control_number,cot_end,13,-0.17002344632269617,0.14483593760165633,-0.2656360320548816,0.13102949603868166,100
delta_vs_replace_with_control_number,cot_end,14,-0.16764129305714426,0.07735898294903235,-0.3024135286615717,0.10053435503902146,100
delta_vs_replace_with_control_number,cot_end,15,-0.1561703963328347,0.11857361884306687,-0.2839239403762712,0.09577586491451723,100
delta_vs_replace_with_control_number,cot_end,16,-0.15776122152468486,0.05739909621970795,-0.32499248690478977,0.07279949834865754,100
delta_vs_replace_with_control_number,cot_end,17,-0.13499857986991048,-0.04299332796193438,-0.28022168766494193,0.050999252923280614,100
delta_vs_replace_with_control_number,cot_end,18,-0.11747355039698437,-0.03686395542319917,-0.3031597364030336,0.09220549716662312,100
delta_vs_replace_with_control_number,cot_end,19,-0.19616662076057145,-0.07091339126122476,-0.3565900812301366,0.0862828871377635,100
delta_vs_replace_with_control_number,cot_end,20,-0.20276056029462874,-0.048442722830129584,-0.35176779217151943,0.07773200639700871,100
delta_vs_replace_with_control_number,cot_end,21,-0.17942256538469858,-0.07161488164773913,-0.34019098840475404,0.057809954425566,100
delta_vs_replace_with_control_number,cot_end,22,-0.24829077317068737,-0.08749366609941173,-0.3740280010613519,0.04777692102308039,100
delta_vs_replace_with_control_number,cot_end,23,-0.20995672985227531,-0.05038253995553014,-0.27845707755014315,0.10636695579692577,100
delta_vs_replace_with_control_number,cot_end,24,-0.2480333435530746,-0.07122533318463438,-0.29341013494905943,0.0699192016780875,100
delta_vs_replace_with_control_number,cot_end,25,-0.2847643994898783,-0.04725416531831227,-0.290205123776601,0.08567082409526737,100
delta_vs_replace_with_control_number,cot_end,26,-0.31081936081898776,-0.04314301378057847,-0.3208860447417814,0.06376256754474406,100
delta_vs_replace_with_control_number,cot_end,27,-0.2922079624509002,-0.013884929652688805,-0.30051803922952325,0.09232550952789688,100
delta_vs_replace_with_control_number,cot_end,28,-0.21603128293623053,0.0453464953119872,-0.2944621733147499,0.11015334579511263,100
delta_vs_replace_with_control_number,cot_end,29,-0.20706757594417002,0.05200239254986525,-0.2909977216108639,0.12726710851274955,100
delta_vs_replace_with_control_number,cot_end,30,-0.14965377822771408,0.060383411106002344,-0.2724998421784788,0.15269172724859378,100
delta_vs_replace_with_control_number,cot_end,31,-0.21072368766780025,0.01833893239177226,-0.2914864251648748,0.1352119268290719,100
delta_vs_replace_with_control_number,cot_end,32,-0.14462979116000563,0.097690702918643,-0.27834691666505984,0.14900134713942592,100
delta_vs_replace_with_control_number,probe_prefix,1,-0.47504452723808965,-0.06445397407529872,-0.7127120197730217,0.09399368134960202,100
delta_vs_replace_with_control_number,probe_prefix,2,-0.31195233955892987,0.091723024144285,-0.4857017679998603,0.11584793233755213,100
delta_vs_replace_with_control_number,probe_prefix,3,-0.24201226758243033,0.022510829292444096,-0.4431531580061743,0.13554196082257472,100
delta_vs_replace_with_control_number,probe_prefix,4,-0.2311734956987921,0.001836927794830645,-0.3231703071405785,0.0940956918566847,100
delta_vs_replace_with_control_number,probe_prefix,5,-0.27944515211016663,-0.04057388419615408,-0.41637981619281805,-0.004014413484606981,100
delta_vs_replace_with_control_number,probe_prefix,6,-0.26779974303254095,-0.003847839533664137,-0.4328107919156703,-0.02595267312544872,100
delta_vs_replace_with_control_number,probe_prefix,7,-0.16418949383818005,-0.010703213242071994,-0.32132093595953837,0.11420976360616543,100
delta_vs_replace_with_control_number,probe_prefix,8,-0.02266448852677838,0.08231685907350503,-0.23924758102562405,0.12216658315861513,100
delta_vs_replace_with_control_number,probe_prefix,9,0.03605288416000363,0.03274624462892377,-0.18456516400970413,0.1422086474913316,100
delta_vs_replace_with_control_number,probe_prefix,10,-0.08854817433688633,0.012870268755469632,-0.287296412175178,0.06124830857605897,100
delta_vs_replace_with_control_number,probe_prefix,11,-0.15405801663006202,-0.0010805360280854773,-0.2823971470914519,0.08424267699610972,100
delta_vs_replace_with_control_number,probe_prefix,12,-0.19316489453126295,-0.0025212053106691695,-0.3109964553983422,0.09949624811400351,100
delta_vs_replace_with_control_number,probe_prefix,13,-0.31383632174741405,-0.028465864943300837,-0.34275877137485966,0.05749192166819056,100
delta_vs_replace_with_control_number,probe_prefix,14,-0.2955337684109314,-0.03514143282451324,-0.6169160427232283,0.031437238035659155,100
delta_vs_replace_with_control_number,probe_prefix,15,-0.39441463081821526,-0.05764555856751436,-0.5751878670297765,0.09328560841808689,100
delta_vs_replace_with_control_number,probe_prefix,16,-0.32321602981880293,0.029629898375405157,-0.5220945208029293,0.05626179496513461,100
delta_vs_replace_with_control_number,probe_prefix,17,-0.27467370550390036,0.05111535710637689,-0.5849349447087633,0.040750197270502254,100
delta_vs_replace_with_control_number,probe_prefix,18,-0.34832270447288183,0.038466389597066754,-0.6261863670998615,0.011071140327503557,100
delta_vs_replace_with_control_number,probe_prefix,19,-0.30652039970587186,0.09940931458386391,-0.7034597287768725,-0.003678378873040477,100
delta_vs_replace_with_control_number,probe_prefix,20,-0.35777529992000456,0.07447849995882286,-0.8302142969357262,-0.010099040201186172,100
delta_vs_replace_with_control_number,probe_prefix,21,-0.236090852849832,0.09756552149377236,-0.6733545177950473,-0.008892915970384972,100
delta_vs_replace_with_control_number,probe_prefix,22,-0.16449130440824522,0.13268623859196832,-0.6495947094143877,-0.0065406736894194455,100
delta_vs_replace_with_control_number,probe_prefix,23,-0.25692806469357654,0.13558559858291658,-0.7295067620018174,0.010411072340497925,100
delta_vs_replace_with_control_number,probe_prefix,24,-0.39012797629735974,0.08952240992688179,-0.8400806703601209,-0.002526260204812465,100
delta_vs_replace_with_control_number,probe_prefix,25,-0.3663212215907081,0.09777386238626401,-0.8310315173551677,0.00018601915997431453,100
delta_vs_replace_with_control_number,probe_prefix,26,-0.2814803732743574,0.11565937585068273,-0.693424082082919,0.023306400559362502,100
delta_vs_replace_with_control_number,probe_prefix,27,-0.26667248493784923,0.13863318867237148,-0.5398211340923234,0.05106525972198118,100
delta_vs_replace_with_control_number,probe_prefix,28,-0.25317164200812936,0.13522308093696367,-0.5307174833365418,0.03931004893521724,100
delta_vs_replace_with_control_number,probe_prefix,29,-0.31122610946259477,0.14972162134271605,-0.574522567305541,0.06365455641959769,100
delta_vs_replace_with_control_number,probe_prefix,30,-0.16895609893343422,0.18448952083972764,-0.4547856490221003,0.09396367825928358,100
delta_vs_replace_with_control_number,probe_prefix,31,-0.1923238041110995,0.18218873914575714,-0.3807123491774156,0.08685294585381381,100
delta_vs_replace_with_control_number,probe_prefix,32,-0.11899535338566913,0.17457260129307647,-0.48102766354890725,0.08670293040222163,100
delta_vs_replace_with_control_number,random_mid,1,-0.1039044873338082,0.03368200124476856,-0.32381783410025067,0.08792158345299207,100
delta_vs_replace_with_control_number,random_mid,2,-0.055522014076930803,0.17527726864123994,-0.26789874078208054,0.1114321461044269,100
delta_vs_replace_with_control_number,random_mid,3,-0.06949382381141267,0.0635773483960657,-0.32861598446926,0.05407789449074287,100
delta_vs_replace_with_control_number,random_mid,4,-0.0567694570994981,0.0600901699792462,-0.31792173652354494,0.020564241502416314,100
delta_vs_replace_with_control_number,random_mid,5,-0.05502212850430244,0.0862520818912121,-0.32049507002413224,0.048197253500848504,100
delta_vs_replace_with_control_number,random_mid,6,-0.064381882995864,0.06277238632173629,-0.30852403332032097,0.05388587356046061,100
delta_vs_replace_with_control_number,random_mid,7,-0.11425585463182086,0.023014933661101886,-0.30782387331277095,0.05524802203465042,100
delta_vs_replace_with_control_number,random_mid,8,-0.11053166966445138,0.039810912895260224,-0.28153286446818493,0.10255117807887214,100
delta_vs_replace_with_control_number,random_mid,9,-0.12189955538120878,0.09234870337320371,-0.27895127961950306,0.1324344353540496,100
delta_vs_replace_with_control_number,random_mid,10,-0.09111948028339056,0.08727103115683156,-0.3032601007498026,0.12992616195223752,100
delta_vs_replace_with_control_number,random_mid,11,-0.10820628120981612,0.0842335334428849,-0.32184151291906526,0.09634050111505513,100
delta_vs_replace_with_control_number,random_mid,12,-0.11376272129644138,0.024071869235031955,-0.3232642745125818,0.10409334617520158,100
delta_vs_replace_with_control_number,random_mid,13,-0.047075553577581086,0.10931586937910441,-0.28254567052582447,0.09460631208844342,100
delta_vs_replace_with_control_number,random_mid,14,-0.08482452796429474,0.07781106725983908,-0.29718260167645094,0.10366129908206648,100
delta_vs_replace_with_control_number,random_mid,15,-0.058551250813188016,0.17516194503740506,-0.2809045327581028,0.13062262973688202,100
delta_vs_replace_with_control_number,random_mid,16,-0.043232472762585905,0.19466647983721258,-0.29531261656727636,0.14738806529978102,100
delta_vs_replace_with_control_number,random_mid,17,-0.06825439715982884,0.146125366397084,-0.28916386867255106,0.17003453376494562,100
delta_vs_replace_with_control_number,random_mid,18,-0.07180273658533576,0.07289928846621073,-0.2519312066350168,0.19514785656344816,100
delta_vs_replace_with_control_number,random_mid,19,-0.051493737361791636,0.04662498961309058,-0.26247899714512446,0.20524037120138464,100
delta_vs_replace_with_control_number,random_mid,20,-0.09113383082576365,0.017732743571143243,-0.2838712558529979,0.1778833892902332,100
delta_vs_replace_with_control_number,random_mid,21,-0.09128709275020253,0.0676833729738118,-0.29132850767480023,0.16680018122050372,100
delta_vs_replace_with_control_number,random_mid,22,-0.07305703409981845,0.10058469017949827,-0.2804161222675916,0.14257554073458173,100
delta_vs_replace_with_control_number,random_mid,23,-0.10326354889448264,0.09594016949133993,-0.3001672368329551,0.11379040315445596,100
delta_vs_replace_with_control_number,random_mid,24,-0.13114199459345088,0.09288547209790679,-0.30626041367533596,0.12372148564249184,100
delta_vs_replace_with_control_number,random_mid,25,-0.112526363821148,0.0962557280270654,-0.2868867432693236,0.12903806514968205,100
delta_vs_replace_with_control_number,random_mid,26,-0.10661883127337402,0.07524042174205248,-0.2821621252927142,0.08925372865682528,100
delta_vs_replace_with_control_number,random_mid,27,-0.11506641210470714,0.07689791643410458,-0.29189872992220556,0.08846164231941095,100
delta_vs_replace_with_control_number,random_mid,28,-0.08196227466551198,0.072161581065915,-0.260532427324782,0.08766355532792527,100
delta_vs_replace_with_control_number,random_mid,29,-0.07698574920592693,0.09715277831609595,-0.25566674221639785,0.09469632189951323,100
delta_vs_replace_with_control_number,random_mid,30,-0.08628329439226068,0.08451043086591688,-0.267359621323626,0.08492751188285975,100
delta_vs_replace_with_control_number,random_mid,31,-0.12902822870797137,0.002088992413683739,-0.3016053424824743,0.05891442167222742,100
delta_vs_replace_with_control_number,random_mid,32,-0.10163301326803142,0.03717633071634736,-0.30696687102665865,0.05950848642528818,100
delta_vs_first_chunk_only,injection_end,1,-0.24602421966558574,-0.1379749299378903,-0.4491553251043148,-0.14824015818324637,100
delta_vs_first_chunk_only,injection_end,2,-0.2513357580580986,-0.17028903085197447,-0.446266376984072,-0.13978523659645095,100
delta_vs_first_chunk_only,injection_end,3,-0.28650178220372036,-0.18803297073809264,-0.46489251052431,-0.1540907959029948,100
delta_vs_first_chunk_only,injection_end,4,-0.36451519504314533,-0.17931656830180906,-0.4875509969014291,-0.14783211370638186,100
delta_vs_first_chunk_only,injection_end,5,-0.43461044552964,-0.10086385193249359,-0.4450324150070877,-0.10732169806943657,100
delta_vs_first_chunk_only,injection_end,6,-0.39452721595786366,-0.015932046877339266,-0.37925904651638787,-0.036687998993376304,100
delta_vs_first_chunk_only,injection_end,7,-0.43003213635127624,0.020079961095968123,-0.3358593466372719,0.03607593227807955,100
delta_vs_first_chunk_only,injection_end,8,-0.4365077920136313,0.04255472705063244,-0.31203934626326557,0.08241298301848711,100
delta_vs_first_chunk_only,injection_end,9,-0.34145113438307595,0.15438736721818058,-0.19330714006942706,0.1807457012887615,100
delta_vs_first_chunk_only,injection_end,10,-0.34464670223893923,0.1797744181539332,-0.15168840066675737,0.21326924635649122,100
delta_vs_first_chunk_only,injection_end,11,-0.3457925963510593,0.1451533132984414,-0.16942381488469538,0.21757171532578315,100
delta_vs_first_chunk_only,injection_end,12,-0.3753099516477516,0.15498167273783997,-0.18688129331708536,0.2065065092178692,100
delta_vs_first_chunk_only,injection_end,13,-0.344643495451882,0.16953915642646614,-0.18648868420452702,0.204112248243326,100
delta_vs_first_chunk_only,injection_end,14,-0.3176965501146347,0.16223648089077264,-0.20530065207776804,0.19817760136657603,100
delta_vs_first_chunk_only,injection_end,15,-0.4101455093739237,0.1452202187520751,-0.2079717718361831,0.17226677708567992,100
delta_vs_first_chunk_only,injection_end,16,-0.4488200577545405,0.156108377921056,-0.2251972887063889,0.14870820920082625,100
delta_vs_first_chunk_only,injection_end,17,-0.42152401902425374,0.17227284058249467,-0.19177716286603896,0.20943482840477917,100
delta_vs_first_chunk_only,injection_end,18,-0.39023796268993705,0.20083324404246952,-0.1910565503915298,0.21187709461189466,100
delta_vs_first_chunk_only,injection_end,19,-0.4015555681409304,0.18465437265155762,-0.18862308099671443,0.21413334054279254,100
delta_vs_first_chunk_only,injection_end,20,-0.4141732338982571,0.18786788735861756,-0.16027544875722244,0.24232441337087265,100
delta_vs_first_chunk_only,injection_end,21,-0.3658771557636,0.2232120786184287,-0.1491707773672768,0.2437465683858269,100
delta_vs_first_chunk_only,injection_end,22,-0.33470377247820093,0.2079949257086679,-0.14642606488768717,0.2271547598780275,100
delta_vs_first_chunk_only,injection_end,23,-0.37591491401258104,0.19878139949991477,-0.14180899624170884,0.23343144403685503,100
delta_vs_first_chunk_only,injection_end,24,-0.35977628501176406,0.19117255646410938,-0.1433204599395126,0.23190727790268467,100
delta_vs_first_chunk_only,injection_end,25,-0.3023318249178142,0.2167227620762852,-0.13322277794021087,0.24268445261516486,100
delta_vs_first_chunk_only,injection_end,26,-0.29498158915045436,0.20987437241634296,-0.13683743021450567,0.23584370697361284,100
delta_vs_first_chunk_only,injection_end,27,-0.2762894695785354,0.2000588459410952,-0.13322717203331114,0.24273245784773717,100
delta_vs_first_chunk_only,injection_end,28,-0.2899941607632259,0.2103456090118747,-0.15983479113744825,0.2197319507915364,100
delta_vs_first_chunk_only,injection_end,29,-0.3026513344284878,0.21018542098988904,-0.17856074871801542,0.18718440310752052,100
delta_vs_first_chunk_only,injection_end,30,-0.3161261215163682,0.18873475877092868,-0.21345071120641723,0.16082953042533069,100
delta_vs_first_chunk_only,injection_end,31,-0.3114831514313814,0.18892141947126756,-0.23987850249346332,0.13433064204542394,100
delta_vs_first_chunk_only,injection_end,32,-0.3461018631600592,0.18903247556291441,-0.23521879855079675,0.13352055374576646,100
delta_vs_first_chunk_only,after_injection,1,-0.7324488384303676,-0.08878377664757589,-0.867325271943473,-0.17466103806022312,100
delta_vs_first_chunk_only,after_injection,2,-0.8313203996372578,-0.02285347412980043,-0.7237396473408626,-0.1088398635495354,100
delta_vs_first_chunk_only,after_injection,3,-0.8454083335583229,0.04058649922294302,-0.5239795030218908,-0.0812548567826805,100
delta_vs_first_chunk_only,after_injection,4,-0.5805130019510485,0.041366769169544196,-0.5014654641232803,-0.04330672043428145,100
delta_vs_first_chunk_only,after_injection,5,-0.6598426738407797,0.04388737614151133,-0.4995995009290577,-0.013609483434245577,100
delta_vs_first_chunk_only,after_injection,6,-0.5678326966531244,0.11327517272470507,-0.42504625120346584,-0.00036003924429221107,100
delta_vs_first_chunk_only,after_injection,7,-0.37408135440411816,0.13335135242396928,-0.5553151928698754,-0.01951412704063784,100
delta_vs_first_chunk_only,after_injection,8,-0.2531225179793273,0.2231827051792162,-0.6056120188468455,0.03489980408005833,100
delta_vs_first_chunk_only,after_injection,9,-0.08741047550778402,0.28232259406227045,-0.4308022400286575,0.12153124691083585,100
delta_vs_first_chunk_only,after_injection,10,-0.27761157876700016,0.1961190548163805,-0.4904263524360719,0.09967686478229863,100
delta_vs_first_chunk_only,after_injection,11,-0.262758221838743,0.17654422774088616,-0.42818968016628367,0.09927482095950567,100
delta_vs_first_chunk_only,after_injection,12,-0.2482461441871595,0.15775367742637475,-0.43894572426297773,0.045508960478535476,100
delta_vs_first_chunk_only,after_injection,13,-0.2770320868792586,0.19499048480396913,-0.5065333743141414,0.06463304500452342,100
delta_vs_first_chunk_only,after_injection,14,-0.453586690625309,0.16737053465979507,-0.589409368603419,0.02886914673816379,100
delta_vs_first_chunk_only,after_injection,15,-0.3913885026168238,0.12890494606704678,-0.5143325709242275,0.033171615707455714,100
delta_vs_first_chunk_only,after_injection,16,-0.4789914137482616,0.07678409039716838,-0.6795380926643944,-0.06234679580326788,100
delta_vs_first_chunk_only,after_injection,17,-0.370319321134603,0.0658772729585234,-0.6027518981028304,-0.06421299921951584,100
delta_vs_first_chunk_only,after_injection,18,-0.3740187108453148,0.04549356806152299,-0.5514168978708933,-0.05014146542176193,100
delta_vs_first_chunk_only,after_injection,19,-0.34878015461690715,0.08212147749887007,-0.5313898863355255,-0.03201949012572064,100
delta_vs_first_chunk_only,after_injection,20,-0.366050076004768,0.09330700691829587,-0.5384168257841557,-0.03039331287233415,100
delta_vs_first_chunk_only,after_injection,21,-0.40702457727566355,0.07780966509196403,-0.5334819520354479,-0.016585807853727857,100
delta_vs_first_chunk_only,after_injection,22,-0.4514606835823294,0.0737712600134221,-0.5717570569732713,-0.04402079826879434,100
delta_vs_first_chunk_only,after_injection,23,-0.48378891962104187,0.05604481142969647,-0.6067862321727056,-0.05498399325749217,100
delta_vs_first_chunk_only,after_injection,24,-0.5193104092652399,0.0322845968154357,-0.6166643148893161,-0.06600119413283383,100
delta_vs_first_chunk_only,after_injection,25,-0.5113916526240492,0.022228826952813082,-0.6357521310460312,-0.0721698665183737,100
delta_vs_first_chunk_only,after_injection,26,-0.5199705497235758,-0.00277940380716205,-0.6972597937139573,-0.09076589348606641,100
delta_vs_first_chunk_only,after_injection,27,-0.46643284011019337,0.030264285731765605,-0.6791615968261067,-0.10334326442000764,100
delta_vs_first_chunk_only,after_injection,28,-0.5306706409973356,0.01781094240691302,-0.7253609722415193,-0.12162725737598043,100
delta_vs_first_chunk_only,after_injection,29,-0.504708253525723,0.008596341796665347,-0.7286777435229703,-0.12616975250813384,100
delta_vs_first_chunk_only,after_injection,30,-0.5182024549676834,-0.007473752374993836,-0.7430859447455975,-0.14876221508747006,100
delta_vs_first_chunk_only,after_injection,31,-0.42692707633128424,0.024233803512964197,-0.6512126147177195,-0.1256776988742678,100
delta_vs_first_chunk_only,after_injection,32,-0.5163566776738493,-0.012552302181616154,-0.7088967004267903,-0.13352055374576646,100
delta_vs_first_chunk_only,cot_end,1,-5.128867300569234,0.0706263074625513,-3.433771178867401,-0.08633141012720068,100
delta_vs_first_chunk_only,cot_end,2,-1.1176481623366592,0.13366911175420704,-0.9473913002026648,-0.037822122612896775,100
delta_vs_first_chunk_only,cot_end,3,-1.5545179648565557,0.0032716426059209965,-0.7486376688893195,0.010183109959398036,100
delta_vs_first_chunk_only,cot_end,4,-1.5577676048677263,0.05554638849625691,-1.1773942448850274,-0.033693672611679416,100
delta_vs_first_chunk_only,cot_end,5,-0.7419776001108642,0.11697597526761873,-0.8033151046875529,0.08234097516962867,100
delta_vs_first_chunk_only,cot_end,6,-0.3116299096934769,0.1715645934136389,-0.4428446410389295,0.02483070654801949,100
delta_vs_first_chunk_only,cot_end,7,-0.8345254576861596,0.11677202998398199,-0.6496552156867235,0.05623812995844337,100
delta_vs_first_chunk_only,cot_end,8,-0.39805289599481997,0.14062829397515741,-0.4255545791859108,0.03985034368907623,100
delta_vs_first_chunk_only,cot_end,9,-0.2878321007143174,0.22453673400342927,-0.4255171736489536,0.11791885315977066,100
delta_vs_first_chunk_only,cot_end,10,-0.2693435824288988,0.24638244159255296,-0.3373242803190082,0.11022601464006042,100
delta_vs_first_chunk_only,cot_end,11,-0.4316151956210177,0.14201372757242467,-0.38319062887001065,0.11148015134101162,100
delta_vs_first_chunk_only,cot_end,12,-0.34445946613912537,0.07671874871604967,-0.36701511384377183,0.07883059253777962,100
delta_vs_first_chunk_only,cot_end,13,-0.4984874808798856,0.04118667875086965,-0.4460722542873832,0.045502959824463944,100
delta_vs_first_chunk_only,cot_end,14,-0.5831135718284697,0.007125663149855368,-0.5913193260937999,-0.04261664521605472,100
delta_vs_first_chunk_only,cot_end,15,-0.4008888851181589,0.015397915736629334,-0.35503731625938784,0.02692493481898585,100
delta_vs_first_chunk_only,cot_end,16,-0.4284772966328618,-0.011891792112752557,-0.45839385078857653,-0.018692037432837292,100
delta_vs_first_chunk_only,cot_end,17,-0.5232914786787222,-0.04238728154203331,-0.44626722668962016,-0.010573152474047932,100
delta_vs_first_chunk_only,cot_end,18,-0.5984782811007991,-0.029667162212093555,-0.588341228378189,-0.04613902915604685,100
delta_vs_first_chunk_only,cot_end,19,-0.5400722505801352,-0.014581320898682753,-0.5588953507871486,-0.04121849281738663,100
delta_vs_first_chunk_only,cot_end,20,-0.4728412010497216,-0.005949058282650944,-0.49689836854638547,-0.017215876531239224,100
delta_vs_first_chunk_only,cot_end,21,-0.48140216020117976,-0.00952686896612555,-0.5245479909099264,-0.05988652763393777,100
delta_vs_first_chunk_only,cot_end,22,-0.3872166756906017,0.024414477684456592,-0.4715800779901167,-0.006894751528195841,100
delta_vs_first_chunk_only,cot_end,23,-0.21017352567549907,0.08683085608789519,-0.3778535665007223,0.06333090307099992,100
delta_vs_first_chunk_only,cot_end,24,-0.23255859995626604,0.02419836723531953,-0.35857303694941534,0.057864307211829856,100
delta_vs_first_chunk_only,cot_end,25,-0.27680858210020953,0.02757809453710194,-0.3799066097433883,0.037468084022676096,100
delta_vs_first_chunk_only,cot_end,26,-0.3055300866837696,0.005138595375660291,-0.4152064414878358,0.026336870719975237,100
delta_vs_first_chunk_only,cot_end,27,-0.36082368483453053,0.03784900299143465,-0.4819854153148726,-0.01600974506286032,100
delta_vs_first_chunk_only,cot_end,28,-0.2865834069103841,0.03128799058062153,-0.44966310754368366,-0.004986543533447123,100
delta_vs_first_chunk_only,cot_end,29,-0.2108817341318796,0.057694967129370084,-0.3897120852088798,0.00015601700585995813,100
delta_vs_first_chunk_only,cot_end,30,-0.16274553925977608,0.07699558176920383,-0.3651249869549158,0.01951412704063784,100
delta_vs_first_chunk_only,cot_end,31,-0.28420856990994037,0.021899192179222437,-0.42163914232520594,-0.02776502638900101,100
delta_vs_first_chunk_only,cot_end,32,-0.32217858281880773,-0.011495909799471803,-0.4720886478711306,-0.05680219144116783,100
delta_vs_first_chunk_only,probe_prefix,1,-0.4383920608718126,0.2036000553592402,-0.38355415203696563,0.13757099524405383,100
delta_vs_first_chunk_only,probe_prefix,2,-0.9291773755436386,-0.05210015812254739,-0.5920819306684977,-0.013117429800379556,100
delta_vs_first_chunk_only,probe_prefix,3,-0.8669520864213158,-0.09356925948646841,-0.6145616156276026,-0.0860433787317669,100
delta_vs_first_chunk_only,probe_prefix,4,-0.6702244111912996,-0.10464485349125023,-0.588855610712846,-0.07802050423812214,100
delta_vs_first_chunk_only,probe_prefix,5,-0.4749545551743031,-0.05412317382565817,-0.524838573959,-0.05057351251491258,100
delta_vs_first_chunk_only,probe_prefix,6,-0.44841384023421704,-0.06979124981007774,-0.5570886537903166,-0.03633396040315563,100
delta_vs_first_chunk_only,probe_prefix,7,-0.3067923795203298,0.004598322497378251,-0.6444995639928206,-0.04253863671312474,100
delta_vs_first_chunk_only,probe_prefix,8,-0.2735247894525423,0.05458556980242877,-0.6279690628320826,-0.022934499861413844,100
delta_vs_first_chunk_only,probe_prefix,9,-0.29578191006172716,0.10875791009766614,-0.60175216300979,0.004680510175798744,100
delta_vs_first_chunk_only,probe_prefix,10,-0.23846458334465503,0.06370417538143343,-0.5982440828674305,-0.010387132197830289,100
delta_vs_first_chunk_only,probe_prefix,11,-0.2389298704717191,0.07109454817501021,-0.5300993548808401,-0.0034443754370621525,100
delta_vs_first_chunk_only,probe_prefix,12,-0.34438468213838136,0.05632644907689312,-0.4747733725780494,0.037000033005096224,100
delta_vs_first_chunk_only,probe_prefix,13,-0.22830165540720881,0.152104824332337,-0.49211613325386483,0.07944265925307636,100
delta_vs_first_chunk_only,probe_prefix,14,-0.26472480976853063,0.15579068596861667,-0.4664380840922422,0.11217022655923836,100
delta_vs_first_chunk_only,probe_prefix,15,-0.30097942217235185,0.1474194578712355,-0.6425767790326085,0.12312142023979311,100
delta_vs_first_chunk_only,probe_prefix,16,-0.30476875523603697,0.08892291273324286,-0.7831350327303594,0.07550022952807665,100
delta_vs_first_chunk_only,probe_prefix,17,-0.48330257647757713,0.0016928499355407724,-0.9035273742821401,0.041992577192614886,100
delta_vs_first_chunk_only,probe_prefix,18,-0.5985769258768923,-0.04040340674752522,-0.9732148039440707,0.026414879222905217,100
delta_vs_first_chunk_only,probe_prefix,19,-0.5645938851095134,-0.03667775449096592,-0.9517487100823523,0.026564895574693638,100
delta_vs_first_chunk_only,probe_prefix,20,-0.6528361744520428,-0.05084552820578136,-0.9796857734725368,0.016909843173590847,100
delta_vs_first_chunk_only,probe_prefix,21,-0.6321328664692376,-0.03110161530509483,-0.9057930372535659,0.006462704435045189,100
delta_vs_first_chunk_only,probe_prefix,22,-0.7190266545604356,-0.03861138576382358,-0.844601921691402,0.02003018329079001,100
delta_vs_first_chunk_only,probe_prefix,23,-1.1191232804849816,-0.016988580505979702,-1.0003524273494664,-0.0018662034162479607,100
delta_vs_first_chunk_only,probe_prefix,24,-1.4051888885882389,-0.0007743957760744777,-1.2197045771127857,-0.0032763571230591208,100
delta_vs_first_chunk_only,probe_prefix,25,-1.396548930056417,0.012066094281632226,-1.0100543052599038,0.018722040703194977,100
delta_vs_first_chunk_only,probe_prefix,26,-1.2516975991332817,0.007563888432028445,-1.0206630231121219,0.020222204221079187,100
delta_vs_first_chunk_only,probe_prefix,27,-1.240354411174489,0.0005162607503583937,-0.9816934057323938,0.026576896882836713,100
delta_vs_first_chunk_only,probe_prefix,28,-1.2416472241079628,-0.002389206728402799,-1.027317348589162,0.013849509597107052,100
delta_vs_first_chunk_only,probe_prefix,29,-1.3981722546204658,0.01254633684010515,-1.12375068103088,-0.0294572108371744,100
delta_vs_first_chunk_only,probe_prefix,30,-1.5963519455462247,0.04923942627494126,-1.3256582764568523,0.0030483322683407203,100
delta_vs_first_chunk_only,probe_prefix,31,-1.385600599532947,0.0679264925392593,-1.0873217793844505,0.0020342217302509926,100
delta_vs_first_chunk_only,probe_prefix,32,-1.2107277867577522,0.04687795825864803,-0.974516491754482,0.0193281067644202,100
delta_vs_first_chunk_only,random_mid,1,-0.5058448053753324,-0.09771252515749587,-0.5076223199076817,0.019061249227408834,100
delta_vs_first_chunk_only,random_mid,2,-0.32745602894428916,-0.08055192650775377,-0.48884716039509524,-0.022205553638768395,100
delta_vs_first_chunk_only,random_mid,3,-0.35521315502731365,-0.042581484500854895,-0.46234467040959837,-0.03475299659476481,100
delta_vs_first_chunk_only,random_mid,4,-0.29330695846059984,-0.03553237306673331,-0.3992679706693836,0.036805232601914865,100
delta_vs_first_chunk_only,random_mid,5,-0.2754447580507786,-0.029901192080718522,-0.3916888752875891,0.03697925261421706,100
delta_vs_first_chunk_only,random_mid,6,-0.3721735662690848,-0.0675156952346917,-0.4740679159433474,-0.00791190986967062,100
delta_vs_first_chunk_only,random_mid,7,-0.31631349598356384,-0.026674552702403685,-0.44636003865755236,-0.00023102726121682358,100
delta_vs_first_chunk_only,random_mid,8,-0.2832760236670242,-0.013461718375015214,-0.40150938367072175,-0.004209484090689375,100
delta_vs_first_chunk_only,random_mid,9,-0.2949001192007463,-0.025945415846329003,-0.42132886346692966,0.014860708981599765,100
delta_vs_first_chunk_only,random_mid,10,-0.21645209457555592,0.024816385178288918,-0.4075700415354613,0.014014653729140038,100
delta_vs_first_chunk_only,random_mid,11,-0.2731309310675101,0.019137895816311166,-0.39865316939820383,0.046694369852743216,100
delta_vs_first_chunk_only,random_mid,12,-0.2946191478770426,0.05421556938212008,-0.43583616843506334,0.038131499516943,100
delta_vs_first_chunk_only,random_mid,13,-0.2522596583306398,0.03164807963251316,-0.39997026527596047,0.06092818952636411,100
delta_vs_first_chunk_only,random_mid,14,-0.22540686190719494,0.04125933436182768,-0.4101116295548948,0.03786135405588682,100
delta_vs_first_chunk_only,random_mid,15,-0.24239947761931036,0.020182617737653775,-0.42682158899153255,0.0047795496482310575,100
delta_vs_first_chunk_only,random_mid,16,-0.24220585272835882,0.03352373077604123,-0.47373260716754273,-0.03300089410550445,100
delta_vs_first_chunk_only,random_mid,17,-0.2656965350934135,0.013455836588823643,-0.5094920983019549,-0.06854288243178813,100
delta_vs_first_chunk_only,random_mid,18,-0.251269892047183,0.038023318739062666,-0.5162784855331948,-0.08382689157320564,100
delta_vs_first_chunk_only,random_mid,19,-0.25090458092620027,0.05304342767657637,-0.4940151844996534,-0.061090208644620066,100
delta_vs_first_chunk_only,random_mid,20,-0.27941126731272714,-0.010319335918519102,-0.5043854556743077,-0.06906494246869473,100
delta_vs_first_chunk_only,random_mid,21,-0.29842426900022523,-0.011669824089645297,-0.5019572708189455,-0.0637125180771331,100
delta_vs_first_chunk_only,random_mid,22,-0.30600544616152403,-0.01890377475707775,-0.5162806785704841,-0.059853883196837016,100
delta_vs_first_chunk_only,random_mid,23,-0.35402531684412875,-0.04989179803304959,-0.5350757979337282,-0.07636178160522827,100
delta_vs_first_chunk_only,random_mid,24,-0.318741641946902,-0.05811552710970408,-0.4967777119470773,-0.06487046010320383,100
delta_vs_first_chunk_only,random_mid,25,-0.315142223555277,-0.053487175554949216,-0.46695545546028616,-0.045716257369803275,100
delta_vs_first_chunk_only,random_mid,26,-0.2887358400010003,-0.031882485784325156,-0.4557598223317254,-0.055983438095632956,100
delta_vs_first_chunk_only,random_mid,27,-0.3289305944300811,-0.06000648786164673,-0.495336409106619,-0.05692554643809658,100
delta_vs_first_chunk_only,random_mid,28,-0.33285295524507075,-0.03460220364064139,-0.5086560304352723,-0.045608381789051106,100
delta_vs_first_chunk_only,random_mid,29,-0.35469568221640513,-0.057353139758920854,-0.5058872009815463,-0.03687735152748024,100
delta_vs_first_chunk_only,random_mid,30,-0.3577610327986114,-0.05416649608770078,-0.5406202100661783,-0.060112093227000785,100
delta_vs_first_chunk_only,random_mid,31,-0.3893891017921858,-0.07379549372581265,-0.5818285467079141,-0.08046625361952839,100
delta_vs_first_chunk_only,random_mid,32,-0.37369626765677033,0.03326349937071373,-0.6525707202653799,-0.1361230625213775,100
